{
  "$schema": "./node_modules/nx/schemas/nx-schema.json",
  "targetDefaults": {
    "build": {
      "dependsOn": ["^build"],
      "inputs": ["production", "^production"],
      "cache": true
    },
    "e2e": {
      "inputs": ["default", "^production"],
      "cache": true
    },
    "lint": {
      "inputs": ["default", "{workspaceRoot}/.eslintrc.json"],
      "cache": true
    },
    "test": {
      "inputs": ["default", "^production", "{workspaceRoot}/jest.preset.js"],
      "cache": true
    },
    "build-storybook": {
      "inputs": [
        "default",
        "^production",
        "{workspaceRoot}/.storybook/**/*",
        "{projectRoot}/.storybook/**/*",
        "{projectRoot}/tsconfig.storybook.json"
      ],
      "cache": true
    }
  },
  "namedInputs": {
    "default": ["{projectRoot}/**/*", "sharedGlobals"],
    "production": [
      "default",
      "!{projectRoot}/.eslintrc.json",
      "!{projectRoot}/**/?(*.)+(spec|test).[jt]s?(x)?(.snap)",
      "!{projectRoot}/tsconfig.spec.json",
      "!{projectRoot}/jest.config.[jt]s",
      "!{projectRoot}/.storybook/**/*",
      "!{projectRoot}/**/*.stories.@(js|jsx|ts|tsx|mdx)",
      "!{projectRoot}/tsconfig.storybook.json",
      "!{projectRoot}/src/test-setup.[jt]s"
    ],
    "sharedGlobals": ["{workspaceRoot}/babel.config.json"]
  },
  "generators": {
    "@nx/react": {
      "application": {
        "style": "css",
        "linter": "eslint",
        "bundler": "webpack",
        "babel": true
      },
      "component": {
        "style": "css"
      },
      "library": {
        "style": "css",
        "linter": "eslint"
      }
    }
  }
}
